14.372587922490913,52.665290189225196,550.2084327748406,19.494139410524248,19.945024872234374,472.23330801028885,146.2888250333893,178.32472855516158,39.59490800068979,225.24624548110734,2379.129027962357,65.96142958002248,63.34086510149244,1986.4227905557245,660.5943829189318,798.8389601064912,-0.43859664432586637,-0.032789053576543006,0.546791839623671,0.03773499399861379,-0.11442730445835748,0.4218006503024441,0.2582842365759474,0.3936162592151609,0.5132221738087519,1.000115445178256,0.9816333172494806,0.48562013273939436,0.7453539331870102,0.8639446751815607,0.8592199870912506,0.8734384282017748
8.144191560739298,42.63457653508946,452.89414481641813,14.623767562801417,16.195746609010236,348.30078245251923,117.78836393911133,144.24519631945662,36.07318037871716,182.85849772275785,2087.784344847058,60.49474683870724,59.42789634291227,1767.769363132525,585.2753748810225,693.306397587746,0.8435394775848375,-0.22091600886877774,-0.274581705039964,-0.3260015363982168,-0.3846453170507937,-0.27660713280110416,-0.1888441240315272,-0.25742953593657975,-0.06176390816924496,0.045656930124680986,0.02406840499462326,-0.18636124746566235,-0.10977180960227495,0.025600746420398775,0.02874119373562847,-0.007992257350167923
11.105371317917964,49.64513376540417,444.3084050766078,15.652254777066217,15.768999837389707,419.1081495781887,146.7493507363362,149.17825074349648,36.087993200550855,218.5803355607425,2197.776169979042,67.57166168870785,67.86848298684832,1970.1108889410277,652.2172512248479,757.6663494536988,0.08710192561457526,-0.23125444238098444,-0.20034451379555224,-0.06718339699534256,0.0905841453340155,-0.10228431520630475,-0.049657788509132064,-0.30997892670056965,0.10505535671091741,0.1797564035867464,0.07478821457627366,0.2119689560461506,0.32567667658515254,0.07374571860468605,0.085155110497383,0.07695836728583774
14.051115891873586,43.10915214244271,383.75649148776347,12.201763250714857,15.796305086434185,349.8202288130153,122.58376507531516,139.7786938787534,37.65365599436552,252.58622094431033,2446.30311039715,62.3551961854171,61.77505851287288,2130.7417915579854,731.3560952423225,870.7933725655975,-0.6309937643671535,0.25568966036360447,0.4245757528279213,-0.3747237912182122,-0.41450279288028313,0.4268774290787712,0.5455980799014476,0.6642768107629774,0.5128574646068669,0.35664083653827966,0.31790087984503906,0.29666593806024194,0.15187450319498394,0.220284838068886,0.22891173559906075,0.3101710570361657
7.5270555292531025,58.298240021095644,492.7735602377286,10.36190754970928,10.961282673389887,413.9048375823021,153.0837500002669,169.04388444794094,32.758260922369765,223.73970062515434,2292.5955396922955,58.15925338627691,58.47180468083024,1989.1417575436753,671.5598262701159,812.1790844058031,-0.2576169425621633,-0.11022713647920213,-0.1496697328724453,0.4619728741104997,0.3449906739870372,-0.11444315033216229,-0.16729027555762443,0.12309196516325138,0.1881995640132098,-0.1958889931642915,-0.16329128998163403,-0.20650139337915657,-0.08658656828530885,-0.14586491437253574,-0.18308608764926332,-0.2237271378392029
77533.62836935758,13584.912745723583,1394.9100844461714,212.88658793377948,6562.750249988288,15137.62126393701,20019.55143403163,57970.36656465627,280497.4428016801,49210.87695919858,5850.074012255159,813.4470813669454,23657.077743297978,54522.98943105207,71915.81921034608,210854.64004616137,-0.5234022310988113,-0.3666777025792383,-0.19630166085361386,-0.5403091967992727,-0.47708593777703445,-0.36987072528639264,-0.41745595042844524,-0.37496717091218723,-0.38952694077990857,-0.39299289755617123,-0.38919124608405925,-0.37632867746010784,-0.3936140350073884,-0.38698426901907207,-0.39880254432086454,-0.3786966238224146
9.992482742615492,54.85882693339315,530.2875369311839,20.178189374356013,23.980828171532266,487.4639630531862,163.03768212623459,185.01714070528178,33.065061367952175,257.79441949161026,2605.8258394862237,67.32017038292749,73.49405564764123,2156.2349335629447,744.2135577950105,971.5456313056361,-0.2966475065181854,0.03165020333991215,0.12386736344280691,0.4941908170595338,0.36758694968229927,0.1524810816075289,0.11114194289636611,-0.11062781969312062,0.044504469299179915,0.07801087483788599,0.15930314702518672,0.36597478992364973,0.3949553738399291,0.20933023249555135,0.19898236637863312,0.16562549456820205
13.0852328476071,41.35723856332809,392.55358520229004,13.350245469677313,12.995868232363296,336.1452098431521,109.82434907234685,163.03823439776568,25.08352719622601,204.48806260163428,2079.5492989154045,53.778678071455,54.583492078441154,1715.477502850576,594.7027049047701,779.9846324464885,0.01357722905132965,0.0921728459323181,-0.17567080621906858,-0.18713293542888107,-0.08481107051533097,-0.17038405843483706,-0.19671009200853887,-0.2452969192434475,-0.2888170592751079,-0.14807006803682926,-0.21492603426413545,-0.18043986387179367,-0.15869314087133113,-0.2127219417279466,-0.20277557547320194,-0.20211757688787998
72363.87220542373,11945.645251695416,1166.5222571391846,172.29271372320846,7022.892357711036,13219.241997532823,18614.690965738402,53998.892132556466,260920.83496711744,43564.78464152615,5624.065001163986,641.0424357306366,25299.609604486202,49050.41048097195,67878.36373094057,197255.65637501384,-0.4440062649517151,-0.5479310850717676,-0.34453345530713575,-0.2940327987307,-0.18078447004595868,-0.45334431683964765,-0.5012931474771287,-0.4326925351042315,-0.009348855659757235,-0.27517606469698264,-0.2413162307252268,-0.1638348679508733,-0.16280744533881533,-0.24201415234033768,-0.24611828015408935,-0.26290002724168826
6.819640448500538,48.517516187849,426.68991388270354,9.165914599041177,8.284677781462364,361.1703610804318,128.119209418343,159.69044292889382,25.784227617352556,230.3613242150178,2171.2818672739254,52.087773093344914,52.14793325853392,1745.7592964889786,615.2514436074815,827.0346481966604,-0.263383572470251,0.15385409442666445,0.04874219135442008,-0.3464711781495002,-0.4293626601699737,-0.04935425375113892,0.030924454958403975,-0.162152979918346,-0.23404945865796037,-0.25290801401926444,-0.2403781602250812,-0.09869574723756455,-0.11238068000165871,-0.24405343298824406,-0.27133239842859347,-0.20098793736125878
71003.96989016084,11667.7292601923,955.6390910965357,173.26250586339665,6964.894999424602,12848.142882203221,18444.13655217922,53624.28624526327,257060.50206788376,41933.46016694693,4034.585221445099,599.3043756132531,25247.137019811773,46211.25909753141,65984.97746849924,193304.18996116106,-0.5276935428057463,-0.23804874155616984,0.30676993785661816,1.9163490934060217,0.1665061963990824,-0.07345498364140296,-0.22054094352606443,-0.26299903525497137,0.22370875353170688,0.006524640540613542,-0.06173276962268789,-0.2707579733060085,-0.2244303089532755,-0.08752992788389882,-0.06157996497943018,-0.06135896092604956
8.731303997268464,57.735010228516146,463.82277069061854,13.841117679342583,15.953065405352003,364.25442301112327,142.1851614750675,183.56986022766154,27.49439247569265,238.30860089487064,2321.938871986882,45.436316565387145,46.082559061747574,1879.4462901198522,658.2781780162223,891.1710241479028,-0.23942774949096718,-0.4433353114034266,-0.1676740308070087,0.16823026631207952,-0.40358932595517966,-0.058455118738584604,-0.24833213176564947,-0.0386624530558584,-0.4385973254317474,-0.08072805168711761,-0.13079319772552106,-0.3361100322780522,-0.34528392702758803,-0.1711306856872206,-0.10369721593312199,-0.10148761959571363
37640.90569601987,5879.124109174147,907.0198074565855,172.66867605587223,3400.9604503725873,6838.264584501139,9845.71609409087,29005.25984052472,128967.70471434279,19666.01759922404,3330.551958436804,595.2339463766696,11550.200001133515,22666.918533597505,33012.58221575041,97538.2993947755,5157.921049371427,109.80250061139422,1.225833232668669,9.825060238413032,160.66718389142943,28.974771955713326,97.52241158717946,214.92461677088994,6604.111955697423,141.19627835283183,0.7499521369107074,15.212293911514923,303.8738029565781,17.696658974332713,80.91190509748594,172.04334707758497
9.571440262438006,59.41335961689352,487.6318257236823,12.619407528120568,13.22649155653616,411.45062163008225,147.53804921253843,186.9656951449729,29.88758734546014,293.4971830563502,2853.539050630722,57.5693211916899,57.14579502495788,2321.4765551286728,819.7625242255691,1111.0266573178187,-0.0049511480518147025,0.1764122952963214,0.23973952359790637,0.051825589884818585,-0.4009841850175914,0.5803159533629285,0.45337500897968214,0.23240830541822224,0.5423454446302101,0.010621506382849592,0.06371647971405299,-0.185156993860979,-0.16842182642698172,0.08143488837908214,0.0893690144656867,0.0250869854216732
65235.10460286986,9887.544558841395,1127.4577883672298,431.62040632693265,5312.6571311007865,11369.143244245895,16947.522110188445,49872.29207124446,236129.72665148682,35842.82837173041,4495.655766016667,1450.8415116927956,19406.146467267332,40310.622221178586,60656.85275105712,179180.19684894962,-0.49318940383399495,-0.34925655222445484,-0.23899674428560297,2.2818295291130672,1.0345205925357606,-0.29262550311521335,-0.41956408493385133,-0.37697131776068876,-0.21807109351140003,-0.1273305995317683,-0.12126664541721015,-0.15248044127345942,-0.14723137809233616,-0.10928966092962267,-0.1034524026565665,-0.11768451306381279
10.620766986200321,75.059956342113,528.1278966591888,20.010696823302197,21.952523563060574,413.0746345387096,164.29811663228696,220.46617626851403,27.522880596708607,263.9362831845382,2616.274586959867,60.48297349605392,66.13648385522977,1978.5314469632149,708.6759300275787,1060.0521833115142,-0.7290103949442958,-0.5711727423761022,-0.4037080244062952,-0.5498134060252645,-0.599577364541167,-0.35354299922123084,-0.5274736180010413,-0.3617327336830079,-0.1793393500214716,-0.19173517372241147,-0.2211301900942851,-0.34591805378997603,-0.371545830761861,-0.174617822415934,-0.17597033006902404,-0.2286112789561305
63616.588337480716,9301.533393986287,972.4266526439108,390.1920491787529,5427.609295618464,9975.360336821188,16119.882663655339,48099.85258717892,228046.1539349252,34023.16003671587,4681.066981233581,1561.7164586751987,19162.950458544758,39547.87625156839,60241.99718522254,176550.93640534006,-0.504221851953405,0.0298175151947546,-0.05943330640817405,-0.2815206768654646,-0.4035712257407243,0.03451462225826739,0.04009950015579954,-0.0763094945259726,-0.05306087905302435,0.06381700410532956,0.1461104306610381,-0.17102744171987042,-0.01084157061683119,0.18503188623425712,0.14974306871492818,0.08267449679988861
13.673616864153542,59.321915094425,481.39495483587336,12.563686698723494,16.023249663496134,382.93965617134074,145.74170842767666,182.4208287541393,27.09473918343876,222.32221008652027,2136.2044922221025,49.701407421497,56.338697228055295,1647.2793556663148,579.7850015072322,870.2665013682249,0.24056524930375633,0.10174861762652165,0.01829256896015842,0.07872353535855492,-0.2455335577322023,-0.08143091878167895,0.02213508457943697,-0.049357313833787754,0.09032690038186544,-0.16737632302007668,-0.0843276277996965,-0.14879189815940277,-0.3022118527685107,-0.068085884556164,-0.10777064273383126,-0.06717016055358856
8.535713289624033,64.7217816691079,517.0204967641877,11.848639919420105,14.398806239347541,418.28528100110657,152.45858212712554,205.99446092817806,27.209067445535894,241.27204374007363,2340.7675801131377,49.817599476143855,50.93120944510248,1840.962331524372,634.3831667633572,951.5137780027346,0.2870157498544246,-0.24794365045406613,-0.03766244936280585,-0.038354448245107975,0.2850116162359636,-0.11704020451376282,-0.14477860870038084,-0.15779739516384383,-0.010089792408267908,0.2500414673684938,0.12819459547963036,-0.19131235660008178,-0.33118213871109803,0.12403181740646227,0.17314337325705131,0.10607787015416331
18.7769121234212,58.335323310137746,481.64200223234224,12.44267343043912,11.652474397747298,398.40702393610115,140.40811935308818,224.5034756841768,34.36313220129246,342.5139713571859,3314.3640560750214,59.810811773637816,59.53923479417922,2567.2046311333106,900.5442500398631,1380.7159037504282,1.5063656702640942,-0.06462890007466311,0.2923328093594053,0.2959836276733945,0.5230951581383814,0.3977322729398534,0.3287625438235512,0.4692096203886677,0.7344591256416024,0.9562745572456957,1.0227064944842181,0.8584981450237599,0.8105813676789855,1.0266528642944976,0.9724041569608434,0.9327209449012351
7.094135179949724,60.14374251562544,453.6769961598608,12.981934570600098,16.678391083097793,343.7509254071144,132.471784535086,201.97322730734703,26.615350165259713,239.45251677066997,2349.852410011458,55.009622723629334,52.81036969805874,1737.2898060066245,595.0324829499826,1006.0203544399317,1.0965626998144433,0.17015500341723488,0.30500451162608067,2.133499094598262,2.534566096437009,0.13060162427143293,0.049292278134110634,0.09221449959172191,0.8170368060234442,0.09110298241497468,0.1269448028895469,0.3624338520460557,0.8063306368076426,0.11767562066295718,0.06435491826776898,0.1388143012570638
27.146837562337684,81.27313125413356,468.60013894288124,14.469248468784432,15.379538893710716,341.2263391303378,145.99008200883648,204.37749064225764,24.96484662956635,223.82183906192267,2184.1877912851287,48.041529382504976,52.452449054209175,1576.6516510420506,543.1258825355826,952.3428862116357,-0.7842307547660033,-0.5865329802781144,-0.19675416038633686,-0.6266613836604547,-0.507645996902893,-0.15571621260403326,-0.33890835834291205,-0.23909879396164888,0.13326301557100217,0.0976787256687762,0.13463975250804325,-0.013599106845260655,0.14150954095151425,0.1427094787332947,0.10152820694680832,0.16029011196637366
11.360589266127745,49.73159626896549,452.65281458292446,14.704557943221529,19.03383328616816,334.17249132869074,118.97534813688057,194.2436451615215,18.548088998784923,209.92656257303412,2072.698859580823,39.98671339344989,41.343618832088495,1493.0700738185546,507.95884817093565,909.4539372961332,1.5128873667270801,-0.0031463494293715705,-0.20641247439559654,-0.4189314437601668,-0.5069927784470538,-0.22622760677915157,-0.26075768767114277,-0.17810826434053242,0.1554494585245398,0.05849220764038895,0.08821776303923773,-0.030209888104684442,0.13897766891571345,0.055011682857227504,0.02297501199901159,0.08054482425406143
7.919245708460128,55.232805591921604,461.6302529496817,10.886685028454616,12.102272351274328,349.38489434010086,128.15094208048671,200.05596695271765,23.127916731828574,227.77809337327147,2303.4606435227893,51.6461687725694,50.66796546443604,1688.677121981884,572.3316015938835,1032.0272451532242,-0.257491377520213,-0.3915869996169761,-0.11637074062075776,-0.28606310547536445,-0.4337544875135193,-0.09012716414167478,-0.2510573475983949,-0.1507434667030136,-0.18418248365287165,0.07530718787803585,0.06048825488724142,0.07854703056767545,0.13744098456540205,0.05859669326117482,0.1230349219590271,0.10528870033228795
54560.80180388634,6934.745989869016,813.617474376304,629.1332306417988,6088.722973188592,7415.424149910742,14371.758409165832,42146.77275248858,196972.52148795436,26577.647880403205,4597.7481833246675,2445.269306349328,21606.51885028457,30802.052500963477,55131.95436687743,159550.39059647179,-0.49524136644397804,-0.017955825029725907,-0.03559993932128914,-0.3639845859186572,-0.5730575003971407,0.03535695530884435,0.01757726628664311,-0.2461846415655397,-0.3799266711136767,-0.13964046405493685,-0.06409007491535565,0.0901071866368359,-0.1650168117990637,-0.07289291706117919,-0.1223743406750537,-0.04449331957124691
30256.181521666727,3805.715858277174,572.9385498298745,358.8095416123591,4170.6271747336705,4065.7038597980027,7877.382560423142,23357.40599902402,103301.14661140113,14042.934783217574,3583.8200032183186,1280.1019475617554,14077.47861906078,17084.51152718406,29488.807825470103,84669.37484369667,7777.928054177529,97.28059959906533,0.3773835678614896,48.52435845642811,376.68804805557147,16.816301192559933,98.78300614155394,182.61209915076012,7840.317191307766,88.42927927450049,0.9099375253825713,43.751863927094924,538.411543923008,14.34324187787123,76.70018276403812,131.38724419743323
7.804570565027299,46.16229402028821,460.8030385429996,16.51657360499204,19.683504619834856,340.4455451975626,110.49051429020875,208.56624972086124,23.53395319129825,216.29831896626573,2228.787132319805,44.41338360014778,43.823470754532266,1629.7394387302418,538.0772830341535,987.1380681530482,0.5412025104663076,-0.028524295706346504,-0.20976242882863871,-0.06626913116147282,0.3238632409653524,-0.2004605878378355,-0.1805541977922067,-0.2012718706452011,-0.21141432925698078,0.020426082243734375,-0.019401022123038802,-0.12491847844335122,-0.09254080575933085,-0.027685306150851206,0.001623354240316176,-0.006286093750830291
7.761319574432456,49.0119319093732,438.6845078578222,12.017928287893504,15.288121660918858,313.5006959022692,118.75205607928824,191.14432218733367,19.35324454546438,213.98063668838685,2205.4516282373797,39.00380810628636,38.317345327802954,1604.351382945195,540.7166248560238,964.9986481144883,0.019967432612122558,0.45587553813174914,0.19077508490649284,-0.7101423707432813,-0.8470162051782122,0.3125919480293329,0.30636008760960676,0.14500732540459363,0.018702722234806308,-0.06400810482414278,-0.10251217122691682,-0.1252148916554684,-0.12917430636396313,-0.08640675429662216,-0.07592806901599627,-0.13123962156371474
18.30147545474101,71.81072508860224,424.4362176470879,14.594373894441802,17.29606261495537,318.6114267711705,136.01113151732108,212.94637947156332,24.05905025838526,257.4695738199324,2374.53772536304,41.838457435295716,42.004911392625175,1675.702429690587,584.8476992739288,1056.961996175042,7.518921335077377,1.3162817724992397,0.17744987148439306,0.39428858319806814,0.7020922207276119,0.31042888970961446,0.7474212345551566,0.3073953342824408,0.02184759383346629,-0.017143467475159237,0.023132571204334634,0.04650501815225579,0.2868884243122722,0.044626145061352845,0.03376949847235436,0.02069402560528968
12.852711358116444,94.3256346111235,551.5078461608027,21.42321278101543,17.777083398903176,388.31926438429974,160.54227907976366,245.07766301938605,23.57461599036682,256.89431127418374,2454.9237900657768,40.81127349457817,39.63101634718167,1739.5231598203286,614.0695104251589,1070.776496292248,0.6190800387936239,1.059595591597505,0.3282945183449018,2.256892939690259,2.1821098981123446,0.39711507453717687,0.7011781736338152,0.39175193890134324,0.5201678927614247,0.06741978260843104,0.07892672727523198,0.19256393884652626,0.28786085912791487,0.07648447648004777,0.060312296915592874,0.07919836051341662
17.18408746187648,56.412777512362275,509.2843948114336,22.78785494699526,17.157000989794458,355.74978628883787,123.16821500384829,234.50972264665904,27.498137151148253,296.8136286289138,2696.526842885896,43.58797451163616,42.30280275773764,1934.0595629605546,679.5381947714908,1236.7787821728532,-0.7215594916224594,-0.5150912077964881,-0.3709364670377131,-0.542107889738547,-0.2448366822227239,-0.3085669828979995,-0.345579756379706,-0.2552715911586986,-0.1901063451959008,-0.39793734333785313,-0.3988633718215655,-0.3416417872495188,-0.37052860441574104,-0.3773237200337328,-0.37710383239662554,-0.3921239286399063
9.334695665515639,46.50851064677766,493.46611404657114,12.484162884332399,14.533404584574095,318.2813909639228,112.534248500067,203.4944892703243,22.5635136187259,231.54794170788128,2223.9078271366434,35.02496585914361,38.44832682878512,1596.270954721771,552.0945485854544,1008.895854128482,-0.4021104010816124,0.14195672602087345,0.07504295805107569,-0.40986486274902756,-0.3696230075741109,0.1566819039759811,0.2572270002117332,0.12453327380932662,0.21882071799221547,0.07456194658574808,0.1056591144666958,-0.008703302328361575,-0.09862601166251232,0.07242116469331387,0.10967918597608223,0.058894377006786174
48144.74517304114,5702.074170992192,945.4151537553438,692.0407076093413,8988.617440825365,6462.450663203394,13190.835648916289,39625.91088075857,173301.43168253193,19514.458217395015,3477.8874874133003,2323.5073905208214,32922.94532748195,21743.98715431395,45807.24742983319,137347.55896382523,-0.507601564651283,-0.27228386140510746,-0.03930990525545035,0.5644121615252994,-0.18980400451640161,-0.07336801475500702,-0.14459349390239826,-0.09691535459061892,-0.07304375915086163,0.017466022148179192,0.0068557517860857895,0.12488620941699044,0.015126486100854923,0.036544747627215525,0.03973875805325838,0.03443264217069262
13.28381373110144,67.53707112273109,583.7563265033203,16.038054262496768,17.221755464582294,437.9073918899824,158.49778503057038,283.9266781385934,30.533818748905322,253.92728858182483,2429.3108675945355,46.18639915196245,43.885172286333,1704.9249142465583,592.0920266317064,1144.584081916608,-0.19046939135974042,0.8211097930802339,0.34911645047511264,0.2939563247176646,0.5001588548627491,0.4084251907860957,0.6430403691020453,0.3719520556137248,0.13118092455301433,0.32507917005658105,0.14269415960664733,0.0008999331126739675,0.5367379816064554,0.1355824489331776,0.2544170846095125,0.09784009374136325
11.525852022105987,30.739409990339375,344.2632546095772,13.658500373212311,13.845877839722299,315.5804622674681,100.8106380268698,105.93320392449553,41.04104650182544,182.9957685187602,2137.80488302719,66.62546241177908,66.35445699212445,1884.465065823383,600.676882734343,690.7894472055032,0.6219109157696271,-0.2816693768967604,0.6951384034848462,1.1748633132171264,0.8349761632421216,0.5459238238110754,0.36788028933714645,0.2839326896647618,-0.1974830385589712,0.060821064571087685,0.1010592645641436,0.027556669065253052,-0.06226208532080027,0.13167160201791261,0.10864713877412281,0.025243886137269037
16.07300810397553,52.84305697938774,493.48018582758266,22.88814963227885,25.182291056880064,383.7175075411873,127.22639952675695,165.52808422658882,35.73060436424174,226.7811053195569,2445.6552235925437,72.40604337337722,73.68775195676565,1985.3323338608936,659.4751466329848,847.9942831700506,-0.06458617601523163,-0.6876743261290402,-0.537583176982233,-0.0018604890746412423,0.27976298267372246,-0.5716004345096221,-0.5915604922087772,-0.4728648140043301,-0.3048723793571584,-0.5709027396441642,-0.5515308752566305,-0.4784747486931803,-0.4364097432946917,-0.5469716360278979,-0.5466176811007178,-0.5428555224653854
9.233951999004539,47.4378488510247,490.5332714518457,14.325589413376767,16.666386069917312,407.18743839692837,144.87893842089306,159.96945634713526,41.278491581347964,215.32344308139318,2454.9202608452624,79.7463981410664,79.53048629768506,2067.9161041190487,677.8598492433142,797.510494751568,-0.4406746454204431,-0.37901410693420695,-0.37284569801862993,-0.07832608479741558,-0.06735435085468232,-0.4608641163542252,-0.45836706800120564,-0.3210667744415174,-0.3004893469538237,-0.3645440233914366,-0.437213277499702,-0.5008970967093107,-0.41193033622451986,-0.4463718553003115,-0.43316623310401586,-0.4303710142864358
23.15479251220626,46.93476715929898,472.94274028102245,25.266863788398787,25.33280472703247,432.7099241130477,145.83452564377578,160.5606218893235,29.794946123632997,221.23435923775003,2134.5243424548844,59.314715378797025,60.18566932735996,1875.5056562411603,652.1759713191052,710.5227453470953,1.0080834037614939,0.4299574136743867,0.32981621737668204,0.1421035338771059,0.16081992721660568,0.06367921549441238,0.12929451726587532,0.4645970192476777,-0.21053030444740511,0.012554044464754582,0.0038561214728451607,-0.13989221754680345,-0.20304946149687086,-0.0518038076217316,-0.04027294222256559,-0.032148966550637655
15.487365532956199,38.78564274216977,353.69148970090595,11.919805313670397,12.827833068008179,314.28247371808334,110.18784188951423,124.4910316612346,30.448901468271618,205.86682299459832,2002.5479257764757,52.7169359243331,54.023319399171626,1725.078296727468,592.0368846173097,698.3701484633158,-0.37996522857603793,-0.12727057062770253,0.6309941591409418,1.1708114671991319,0.20281659801069385,0.3915006446601177,0.2535990080126909,0.6141803613642439,-0.1601303398539046,0.027431643274040577,0.1111815578020482,0.2893137086527695,0.3036469424190028,0.04674489554152075,0.03628266873019022,0.09104921456673623
10.8024744581585,72.21557676651014,589.0491670389233,17.838845205031674,13.756307534322572,520.2202421264114,190.01606172541352,219.39291799699268,41.735949587004555,242.75165197365223,2423.743164152389,77.07809653085428,68.14698037395088,2188.8223644606883,734.8543491211892,825.4103331863497,-0.5334137973144616,-0.2623124579205857,-0.526904758630403,-0.6368492055961951,-0.6971640895149055,-0.5522845876082558,-0.502849991948383,-0.5369275859248478,-0.46334083394141806,-0.3903760477467906,-0.45605032452828986,-0.3776431038394431,-0.4491267518306517,-0.4891629666090475,-0.47820237130713855,-0.4457375447885492
12.331173298659763,60.26973058205138,512.9842927716497,14.76392515362483,15.437746108443784,435.825272588078,151.7005727611635,186.00520790192158,28.95342345538179,245.0526582637384,2464.8055203722283,67.03435971820082,71.38630288220533,2098.920089637733,712.6663383199832,901.1665877780347,-0.16132614398601722,0.06698301698847112,-0.10655461539197657,-0.24778536193149822,0.22260940492093023,-0.18075515616962398,-0.06208877982407175,0.022346926291487993,0.08704781824196818,0.05056482142778424,0.08626094976662409,0.15252444789698003,0.3278032498073996,0.10655372990269928,0.07406698118456936,0.0398322836647058
11.912059113870432,55.63541624959127,477.2113646664223,15.240883839980576,12.711483985062447,396.6922296589688,140.23944248054357,197.02998157701091,32.86574757901696,283.2537861901186,2777.262630371919,67.58775991082732,68.64316516156458,2256.594510498584,782.9212270077454,1018.6273915055928,1.0347060433534134,-0.09614103716823019,0.005817832649447176,-0.02032475875176232,-0.23943888731695492,-0.061343858404639705,0.0604974200726564,0.1443186917167134,0.24417498060652149,-0.17410254268730546,-0.1678039465983347,-0.13805784188412137,-0.020159930462878773,-0.16170734260631556,-0.1504297742308001,-0.18116188006339956
76171.46049145628,13330.8156172291,1520.388692414502,174.55591715765277,6687.757300547095,14813.572795750857,19628.829003125655,57334.725558419515,274455.35475175665,47495.775962144005,6820.328803508834,588.0354966027586,24313.725144642256,54663.83332893234,70932.30170265712,206717.23567211453,-0.5892671836630626,-0.15679478882523012,-0.42699771776605683,-0.3945552851244169,-0.3603133522054399,-0.3643674275632567,-0.3218036481259524,-0.4329196630571617,-0.507161960866619,-0.614785171917377,-0.6154576464800379,-0.5599970980589026,-0.5251782606668945,-0.6064269068974891,-0.606239921106389,-0.6128498426868
75515.97714469726,12675.90042845278,1147.7676737530558,218.4276599082372,6433.482223121704,13736.24806714034,18737.432381920575,55816.2811947829,270868.19221764494,46987.22596788135,6124.130561148284,880.9491988224901,22810.607155038644,54922.3302100507,70914.18776082943,207060.6449133163,-0.5410774512082134,-0.2444342282702889,0.555637266722071,2.6234942752871544,0.29799647278816227,0.5438540160616707,0.1873536186053713,0.37603844903388656,-0.09976968370980491,-0.06496952453801144,-0.08518424639970323,-0.17130727811386826,-0.2458365959257184,-0.07412159856578095,-0.05520511613058856,-0.06986566843423019
10.015100904934288,62.855657943485575,590.9321171031547,16.28417303865693,17.425815689646708,466.8067383380218,175.5204248673924,227.05722226155663,33.03814521025411,245.3969210169437,2572.0423172962333,66.02581208808705,64.72710436195004,2108.875233221237,725.1026279095396,970.0892644874046,0.7926654054866173,-0.10713545374305705,-0.04795480398083939,0.31078556972731086,1.0580324638290026,-0.15413790777659406,-0.2072263230407691,-0.1260618699699066,0.3705334691726951,0.08309478555881523,0.13761261186451137,0.24900286572040334,0.1306499011618893,0.12082720691885313,0.114561149322291,0.10262147158342133
38782.4799581494,6139.660408576334,887.3850698673963,131.27944152330946,3839.2284242226,6948.29892939536,9968.347075515128,29005.94187296815,132027.46829171912,21464.615477764008,4036.313524824379,493.2032170348468,12792.782389180997,25803.493843744614,35300.88588023896,102586.1273000035,5698.000402868475,120.59179612841713,0.7453399288121154,4.704333347331424,228.5029500207409,19.58333183100501,81.18346208039594,177.65594944373902,8949.621876240913,158.01241099673234,1.2032832721082445,13.886772860159509,403.19779856644857,21.351930066789507,89.44901662859776,186.77240803898493
68759.78138954402,10782.418316108231,1154.1517978884367,243.4641536038502,6552.143697048092,12214.255766074079,17763.90171253108,52203.46173374413,247297.25258381478,38779.434490884225,5113.162387242997,879.5018276800697,23522.029254335353,45031.05444527321,64203.91397385326,188485.67502438152,-0.5580191898639734,0.24805251297187852,0.12892019374637592,-0.023742522235637706,-0.5324607325502235,0.1225893605846566,0.0562235998708617,0.1592239966892692,0.06286075688553254,0.19227097459063794,0.2719873655451751,0.08330452175750117,-0.07312835648157767,0.2742547528763689,0.24165834836171074,0.2651518806024216
9.369036363051615,49.82542794627035,450.95439701147313,13.24884719461848,12.296581824789142,367.2379091611058,130.66705774715808,171.4054660657431,25.641587427467613,227.8873560659971,2300.3978409624638,51.144304056458815,52.486321807235676,1817.8089993813987,632.4822683329172,897.4583443184544,-0.5661323205786774,0.853815808867734,0.2871070684860647,-0.5674281175513197,-0.5946861228874727,0.22913836490949666,0.4113351795284017,0.5351058750144404,-0.21900127127638924,0.3058834609890699,0.30149377120491194,-0.29097971448925,-0.1867127907501169,0.30380612571317184,0.3367059051491814,0.234490285139676
7.84828463612596,69.93859560262122,545.1177248481641,13.479587023243544,15.24856052184492,447.06881165407447,168.61818203273037,220.14776156259984,23.977483211733645,243.3081971653915,2386.121951420536,45.486209374226235,49.367417744113276,1878.3237348918617,657.4058594734794,944.0368411469598,0.435340254080971,-0.39934775449489,-0.23730683305964678,-0.18765685025117676,-0.13023024486343038,-0.3716100473151558,-0.3234211086223151,-0.3179559464931869,0.008689040539171269,-0.1057887912774321,-0.036035379305519866,0.20330003930727603,0.1909050567055694,-0.006646644546494836,-0.059485762023540806,-0.0003105561936987834
13.981477091354032,58.934198156522136,498.24891066729504,12.501228611720162,14.88423366646113,402.3000427966068,149.34119009566737,184.33720600634658,25.229199130816735,229.3766612499117,2184.4487322718674,48.82831622655586,49.86513330261447,1736.027946677271,614.2323121502293,900.5360018510156,-0.4884851384737009,-0.2371867094054792,0.029668087072206466,0.332308198277938,0.41244785373173404,0.08720897233462521,0.044079709929247805,0.1279983639715836,-0.20803956046362526,0.06200967341418125,-0.00976858656784646,0.0047571643801410605,0.007383117007228516,-0.07214989796854508,-0.04787266466116757,0.0026037381092658776
9.924050787879098,64.93734598508529,696.6895810618362,23.681922649335007,21.49427277827197,551.7827595165228,186.07099712540997,297.5963959296489,36.103901880980395,396.0464740565245,3853.6154029910126,74.60975571599377,74.31242775752834,2995.39591566503,1064.8893336553576,1559.9413540225755,0.24388925983886725,1.4638159728960636,0.9040799035599608,-0.19962820975326165,-0.15478995353910677,0.758799698868488,1.1582725961311697,0.6396071446469018,0.8284980714736649,1.0844499175893179,1.1145756863746488,1.1361819020253743,1.2355323751941876,1.0528774784659691,1.0289840783168305,1.1458563285432513
17.75984236721106,67.37136524779471,498.77498148076774,16.32803754299447,17.510498904968866,381.6701484473284,144.86606977105197,222.30785796083072,32.194999712127675,227.49900352274608,2155.580425685166,44.03452092734904,43.12342080077259,1663.566470562424,603.2665002618319,857.5907307216758,0.4916393981450244,0.25749684149912544,0.13100038142432602,0.3366363083234279,0.14982211987988922,0.10950542065931762,0.12574399568724628,0.27411505939661335,0.07158627417506142,-0.11952852934060952,-0.16188416298157635,-0.19229578962822996,-0.18272387069380014,-0.1644400369440239,-0.1387475978114113,-0.17886845223236086
11.003637565168999,61.52939416305942,447.3977761638852,13.984548800147273,14.418092090965512,367.45395415229484,140.654516426285,179.72874401163244,23.752672444596197,219.33503473120686,2137.7925009101928,48.92957577925248,49.01326643904982,1659.6470764574672,590.4631874655855,883.0770708519366,-0.35370118248576005,0.094209281323382,0.18648791841068882,-0.4853832410989331,-0.39585768998398413,0.14848302500465846,0.06108728075917079,0.045597572087256226,0.08632647054961515,-0.10281121786950195,-0.15312405578868524,0.03304550148109094,-0.07757542699300715,-0.11992791129762256,-0.11635485506685339,-0.14639562138310794
9.952071874991752,65.53236763641738,466.2717703267081,10.4613333937518,11.43385248640285,365.7946964232652,146.94248567814648,198.9243830687143,24.186818601582768,241.78492310518988,2257.269437138768,43.631448940165264,41.653244475160854,1745.9059408464564,627.0681704341036,928.6585463931134,-0.6113917443529475,0.09549595909587104,0.33659983858013975,-0.24544529041545388,-0.1321746531057172,0.13001119149556928,0.17647821210333842,0.4937018722192514,-0.14467656248227537,-0.08771476359316159,-0.08020189298973616,-0.132150134663092,-0.17461420524300791,-0.08969576144090505,-0.11568761340069464,-0.11017835226673046
19.238712623374475,46.26234231783041,393.1524066548358,33.02716587733534,30.310869097216894,308.45110386062584,109.00912896827191,167.1572098776992,28.54822209659653,252.47372229794297,2398.9964831059983,50.30839326050015,49.40202943891483,1799.3930056790473,647.3249590133239,1005.9308224472771,1.865441885182761,-0.20888266993315038,-0.2769658246553552,-0.09135064197994947,-0.031622548987203285,-0.3853734602080024,-0.3763512921726275,-0.22848103100678802,0.055999696746106456,-0.018608835352343606,0.014838481214477168,-0.1211119684168964,-0.13082866806333268,-0.015688987071019834,-0.007292018720371658,0.009140512649375723
9.651302273602772,54.95121161687748,439.08005519038073,12.292842385378481,10.403897599619992,358.66723606109974,131.3453368437502,190.04228271681015,24.628980756151712,238.50468139538515,2349.311957972554,45.61909898772677,46.238401518243464,1782.954853595645,627.9689629861989,972.4656834210138,-0.14333050944388243,0.6172671552419108,0.47628250255657395,0.6980280010687849,1.0577100643929347,0.5250137293134518,0.6347901085017642,0.23164893837221953,-0.22984414850287668,-0.0018676806171611746,-0.008011577461494177,-0.085707244703884,-0.1939000075405862,0.02451000651143397,0.007938326007645236,-0.014170673733640796
6.987807765195274,49.40344967990891,444.33920097473776,15.632346084955996,17.410509180555458,326.4698818058356,120.4625693235546,182.5516074312673,23.18190371295931,236.95272470070736,2423.501018151861,49.74343491628152,56.898411219743465,1798.935055648111,624.5347929940281,979.042874278682,-0.30909139758864296,-0.05218144648145867,0.09943867401738349,-0.5060434443162442,-0.5868848682455082,0.1665348333856073,0.11573953520886997,0.240643358063755,-0.10022672779395418,0.04255407982375524,0.10717644726760446,-0.04181464092006686,-0.006513723226835504,0.06103856767253638,0.03857397531300439,0.13165966252738
31964.447153294943,4041.154567873869,665.4198899057275,317.14413208637325,3282.353646653176,4561.364007159069,8155.693328136217,24420.296874696116,109390.89704083483,14679.498108731459,3610.974869644595,1180.567533582684,10914.760538430248,18478.309019764067,29948.24880387856,87957.2101625162,4285.702779437623,128.35406156314488,0.5555891437200113,29.624841981157935,322.1627519010488,18.408546064883545,96.65929139567335,179.97899501881696,5227.934346854529,74.15651508147454,0.25972680563298645,33.48427777393458,336.30586216753073,10.393405708997083,54.40330898497641,110.58174063650259
8.342003288074826,49.58410193990906,404.83466734017725,18.030158016709628,16.368041781033213,288.03450898236696,102.87362149734645,173.520426079282,25.628406533578264,216.84456718453123,2154.959563520556,48.14450125762154,44.897345070777305,1576.0845060001257,556.901797365964,888.580097924245,-0.4595526825755746,0.7259857858935498,0.6543196974347555,-0.6596836856967213,-0.7928484173433972,0.740757437174057,0.9612860438391805,0.5351937403701591,0.04706003642615985,-0.03868749886141239,0.050434883361685154,-0.129792135817483,0.02061355535717184,0.07926911324774968,0.009636526213299948,-0.017333466359524256
9.49962891130048,62.76814043415942,554.4217377290331,10.068176939866877,10.616576248201675,418.10832207219084,154.137937674579,243.55477021210294,26.36647094231376,241.80602667410537,2329.141879431572,40.69169422988144,44.841436824470335,1693.8024926782339,596.0172369043146,1007.6665924108063,0.4323992871257836,-0.12053379886573466,-0.07467157714935813,0.023840761668164265,-0.004812987144085223,-0.0692526132042115,-0.08918161319873191,-0.06189164645201935,-0.11256143636069729,0.04864083667868565,0.1376728797521417,0.0686094880316547,0.11567741034995177,0.10508791754459527,0.11232377392810824,0.14335105629212083
7.2173529612726295,60.45292259832003,505.34436764538674,10.65297898462057,11.142312604194025,363.1374607361454,128.64131699142155,210.98991826170314,18.946993479850484,236.0143399651097,2337.0029898216653,43.22844058958143,43.82882537137299,1710.4981895448173,583.9390703846965,1032.8712573775251,-0.24229944659139088,-0.3703499934206853,0.055930347433195984,-0.11650204831856766,0.006313804327497671,0.10804705636998468,-0.044880764156979426,0.4759373206895363,0.035792663917618275,0.1944291331152658,0.20347605738131797,0.02692268331016063,0.047780268585672275,0.2267036739068539,0.2527178797622928,0.1481913093319008
12.46360934233556,55.836621719102546,506.82423690240665,22.095890202727333,26.40402838506182,378.06005042482286,130.8942350104573,215.4596637352368,24.78526039180804,226.66356809103513,2304.165568091621,44.91913170728533,43.7845430571599,1700.1423427440798,586.3108886427527,1043.9526365656227,-0.46276699486027534,0.17530406939656085,0.5193643288388745,-0.6345950454536523,-0.49098709828495246,0.5963555923740222,0.31753199308053925,0.6659052397840941,-0.12028750614887923,0.24007727076966193,0.20981366288346548,-0.03560102338738106,0.00968308774379949,0.18979723601312773,0.20239550856266422,0.19938101689875923
12.812469021810276,65.03048879869871,486.5025318213254,18.546495767372953,18.277401307284013,362.15972651801474,129.35235814320106,224.21655594263007,29.158792630729298,240.63960687670084,2311.8501763215904,40.72812020594553,45.63639287606396,1695.3857205619884,588.0752544631574,1011.0270187883526,1.2791322617061873,0.45872710245074594,0.11797798180521936,0.7523424143852829,0.31362268407712085,0.11521377307008379,0.14459492682827393,0.14374343998268477,0.13681312644666027,0.07941768628833949,0.09345285809770708,0.08314171520109546,0.12627584759683153,0.07932825160679026,0.046961748029764744,0.11702282671002336
52554.39745475466,6670.584817735817,871.4121464007949,496.56087502972076,9107.339463883285,7002.800887880688,14137.911694684719,41368.122782925864,188827.32886687445,24674.23889001391,4671.036975371401,1854.1311252122516,32491.481369253142,28218.288214375385,53147.22251285585,153232.89399746724,-0.5539007479320793,0.1445731573927671,0.3234868575695238,1.03956401438112,-0.3620131205634842,0.31015161042331774,0.26025969760407053,0.17365118171610633,0.19935808827000617,-0.038875065104631,-0.004457303087487636,0.07410105671602249,0.13369457844685373,0.03380563538640091,0.019015354468049302,-0.02637327224405087
20.164577740597988,89.66251993095935,495.24696343981356,33.01974901269651,29.305802194353234,350.06421735273483,144.18804767304746,207.55829555146437,21.173234076148542,232.39592111532306,2351.9365072014416,50.14138570179367,48.29018758294865,1725.9538384462983,583.9706351009921,1041.9719031923937,-0.7566362907361114,-0.5784033534407791,-0.19367941161579852,-0.7833730144900771,-0.73646558682134,-0.16931962406018644,-0.3043567202683117,-0.2805960148595772,0.014723339169523878,0.22198294428915036,0.04003894429447856,-0.31583996487099036,-0.26181009802166855,0.08178278411089485,0.13049023925023318,0.0957593180020107
18.820503216473412,56.36471196191322,459.25696535818435,25.20941987957101,25.68877560597393,317.08085221106074,116.61415790516037,218.80008322584004,23.244625365655864,252.68531166265558,2404.678972077114,35.048724624250845,36.42838977152758,1692.2783026518612,581.989532803018,1056.7397296972736,2.104019645016572,0.28366494137864096,-0.007527004400301643,2.3815919172720905,1.5754620797558898,-0.04108954990309621,0.03180481872951697,0.1326278403900924,0.3583148782007548,0.13613292014288741,0.09931885842315535,0.1435619055310371,0.07810959780463748,0.10269444967532536,0.1146929792668048,0.11514893346566782
26323.97955665474,2928.5422392505784,627.9217100915942,400.3534079051318,5032.144337536077,3258.5577856951813,6841.797585067778,20686.212915732853,90448.3276114267,10792.985773762355,3210.5179571317212,1381.9854433854264,16976.862048233867,13159.569911929064,25111.475788954976,74725.66858749714,3309.139283210551,65.48295123844017,0.28577116962101917,26.485076866708958,337.5272661165235,10.97358276846752,77.04147246664292,125.6987304359347,5247.010286573658,63.659784330555155,0.5603447644519682,58.87983279847527,646.1805279251073,10.825518018956602,64.00127802477346,106.82731454595624
18.297354829292793,51.887101080355386,437.61123130997,21.7376935803452,30.173581565336207,311.5539515828591,112.53213016922862,195.4410803293641,30.437511034499785,226.4129339844019,2159.910751234426,42.25900036380925,43.21132059662814,1534.8035266581337,524.6907080225727,983.3711425601838,0.891627622993702,0.6122960654406268,0.28971392319952005,0.3591551377740716,0.8062917859768144,0.198725074132837,0.42265426872332523,0.16486214366547375,0.6167305211945672,-0.023491166112642032,0.007777690988958733,0.027950560211554096,-0.1932367558793857,0.025047010716293595,0.05690017719016947,0.0485468310654018
10.273480842177129,36.31962838744438,384.55169844326394,12.081662516634283,11.962359211702704,341.13642654645633,116.15686392755453,125.98562920608933,27.275160279303627,225.74133965675287,2188.641962597258,51.64116680074518,51.99004903439184,1880.700277305208,660.2799979317118,750.569927770909,0.8659698106375928,0.25473088324708487,0.28307370687240635,0.24856990719043387,0.10097374834861601,0.2582650195675594,0.14319962238281894,0.32888862088112736,0.17191140812523195,0.2459536501448414,0.20721999038776934,0.06294770967202004,0.03165924772219368,0.21260431594997325,0.22161477988249662,0.17441896465699613
15.531414186590183,52.36654929444665,431.9981553173215,18.80077191548144,20.693697913385705,395.17963987992476,147.97069526811302,144.41621451141017,27.52590757871482,252.94998282267352,2311.085798665702,59.023879153675374,55.69932652837306,1999.8585075947524,699.1752022028815,818.9445504001512,-0.5468151536439578,-0.5877465610686721,-0.2240998361001392,-0.35031781890895203,-0.25555559579367354,-0.18029762345965766,-0.32922202498586295,-0.37359971477311416,-0.0993154245432369,-0.08424232171905663,-0.11331015972874589,-0.23681801764677068,-0.40652527538901734,-0.07521702105260149,-0.0875826328808981,-0.14804030800988682
21.053073650098508,64.08315593485375,449.62705516645326,15.398584430228604,18.35238255207301,391.86829323938804,147.03624124656292,159.32104371877296,31.64814015735618,221.90102894522545,2271.5619790820133,62.14859389234712,64.08295558882558,1933.7759622288756,648.3640114732243,798.0335352078256,0.728970621042052,1.2316574140554752,0.6379442275620182,0.9740613893028247,0.9094115198486382,0.6666988494600111,0.5792091660388026,0.6453274396713576,-0.13833068132765172,0.07760566606989207,0.02887540851416811,-0.10362264644507084,-0.15446851998676733,0.03314211207359514,0.030716876031172596,0.06706180041891643
20.474501419851496,54.0950023858567,438.7487416207049,23.420706817439644,24.82248413479777,335.8529367449772,124.88846248649567,155.27903408594045,29.01806159536568,235.88731309536422,2270.23334919268,62.754215030526126,64.03053111748628,1868.1337062094967,653.3257701889274,806.8027796846326,-0.820951626314842,0.9114911622659713,0.8836225167407538,-0.6598520323831047,-0.6198812742208533,0.7932536802418669,0.9635170986886527,1.581904928369092,-0.023533108087375437,-0.0219311656212488,0.056499574785206425,-0.01374943336119159,-0.0500984317841447,0.019400883176737452,0.00033261595374660727,0.07232048259337188
10.342118438357009,48.43876745655598,419.36804603299066,16.171951764824552,17.641439757177295,369.4341008410986,136.90981601857595,161.00469152135537,36.435975227799474,264.20469342961314,2648.612397071973,69.06044827101476,69.83527604136582,2214.263064201047,759.497910632844,965.9729049522841,0.17327502873156805,0.1638677118588257,0.008624864731899403,0.7194668152905964,0.5928759990794223,0.10905869750395004,0.18914378694001546,0.03917308496404672,1.1547894738331888,0.257509317107572,0.354180767212576,0.6461362796961214,0.6380470378070232,0.4798255587045183,0.45131049220096986,0.277660447932302
14.85063649025013,39.462630454372096,405.90580762486763,18.740109260977185,24.704388324393058,320.1715642205818,115.75052580142957,132.79755498847442,26.349894712719323,214.9068298982471,2077.7161811985347,54.930721129566045,59.01762292675761,1703.7004385896003,591.874718522595,773.7805709178224,0.6359686488995139,-0.3426507763598268,-0.2900773959659311,0.3763452832449956,0.30939569020036006,-0.2843984700721867,-0.3733671426759709,-0.38132690097971983,-0.0025345579884230446,0.09303126984723956,0.07102347488698832,0.09709908496879845,0.11015463651526816,0.14622997623743408,0.11998655937857236,0.019188034688461423
12.692474239719623,68.71621363965139,494.2990182092433,18.053735790094628,23.445973506089146,373.0133639453281,143.78397025631037,163.9887358559192,33.16405200894012,323.99974814683753,3205.6789205831556,70.17089541745082,72.50299825544295,2652.254346677286,919.6165097142111,1190.508399500952,0.2278591211244342,0.2610008208472863,-0.3151176384932917,-0.3930096777616752,-0.5604975237643324,-0.32082865128499766,-0.17636423115405897,-0.37130837619710383,-0.3745677155891738,-0.38563649178532444,-0.4051910113523154,-0.33657888165878047,-0.3181994486554919,-0.4333971977160776,-0.42137558479906617,-0.4083734471485368
14.665852244320227,59.28485252226147,450.0023629179103,13.774867524695225,16.697075293980774,374.3075936679251,137.45855453413066,159.48195286680368,27.208502193593986,240.20414006940783,2369.637953661628,59.74159535276263,59.223210003549255,1932.3087094955686,665.1976013039807,897.8095547892527,1.394075310003052,0.3601900591959437,-0.1035291266994908,-0.18183158391036372,-0.1416756687978421,0.14398775070482317,0.2250945595889351,-0.006156845157055068,0.16883586581198187,0.20669675628234122,0.08612473398339801,-0.1892624920823282,-0.2562301095648854,0.09023775781412338,0.1557743514681826,0.023032638386009545
9.581485513483953,54.61541544545518,475.2159816797426,12.891079377701406,16.13591522013454,381.8243374167801,146.06257154842982,180.00467711039005,33.136494697208214,236.7937929184422,2370.6135926424263,54.347029248739204,55.461778605179724,1920.4437174610912,675.833440775493,867.1470714687288,-0.3254931596936164,0.1269024382547295,0.06512385882657042,0.009014422822989733,-0.1181390067742071,-0.14173110713693274,-0.08814065515849416,-0.1830513543473575,-0.4448935795793688,-0.1517067418691199,-0.21837244612432022,-0.27148355016017345,-0.20341879774875335,-0.2755438549816168,-0.2456628789637785,-0.1783416120156506
12.05189420721301,52.98986624880323,546.57138897209,16.132522901197262,14.67122114264576,439.9140054154009,157.88731952524077,206.16915445333623,25.77645569715542,216.90001294022323,2286.388088720064,58.665074204716,58.15597369482576,1830.3369231576398,619.1794569734786,880.8410659735946,-0.11900923666432997,-0.1400540104776894,-0.18266982844461435,-0.10851596109778813,-0.27461097299372306,-0.19468686754191203,-0.15396665043544888,-0.1879353850992002,-0.185484227035286,0.1051425382477379,-0.006703085682369886,-0.19610441441597623,-0.2895063917755551,-0.016584522384104853,0.02816473147843169,0.03879023024798674
15.296306874480722,48.42935435573378,412.5137750625009,12.3636043304556,12.389694546133718,337.16496964920105,126.64555595973387,158.4751290764751,25.296226809004278,254.91555518415194,2500.9303441581433,49.8603988806434,51.88060549859355,1938.3006080579235,690.2299040911607,1009.0210683304018,-0.016610236528434328,0.27380636987449103,0.17732292296935018,1.2528410852769654,0.6057911826170188,0.088164021188179,0.11348114214858869,0.26827807224646244,0.08227340665880134,0.26263915180869385,0.20919833222967182,0.14493834782718115,0.06506932568035176,0.1479256912118602,0.2029099512889174,0.12774880153113272
12.861251354334435,75.25843755680899,621.5381414196755,13.779563898813487,14.766739082975427,496.1852536325089,191.9159197706801,245.73080393127466,27.107042773774364,261.8473952325114,2593.2962968189145,48.57009724479418,54.41153951579991,2046.2929020293018,714.2455003572366,1030.599947598079,0.7320247448977315,-0.14155212626807756,-0.06707274094192023,1.1912592795770829,0.6442645449670839,0.017704571906977065,0.004286195809169185,0.06932598344526954,0.4464980723464941,-0.04082303065297315,-0.07015187416494917,0.13660921997193035,0.11684232009958832,-0.059252332186619655,-0.07255434044249823,-0.021042394680083083
35801.60499982453,5070.716706186493,830.6225727143718,267.53259333272734,3224.285897244316,6193.871246523431,9618.635882244875,28266.088144751833,124009.29966658106,17420.05659969257,3232.47894237039,827.6381728966659,11445.144992920861,20479.847881880283,32435.51946385012,95990.17632025147,17747.26592535155,140.99608317466695,1.0087996480960382,37.856021771052774,555.6610979544241,24.547522293189502,112.12413429590725,199.5518149983678,7576.643774211144,107.96661931885298,0.5429345903370714,28.601579746341603,374.0281904865817,15.487314288896558,75.35588665479463,155.5856375217625
34571.02452103862,4642.742902063998,675.2942161158504,437.5607551582375,2509.252914905155,5404.063538442535,9017.4286712488,27022.90655749131,119014.36066067732,16080.552312593394,3237.7987300935706,1416.403400919114,8689.411267286536,19667.84117067357,31569.855124558107,92903.4896433431,4314.507726057603,269.3256742439781,2.256328869478991,17.74205866394909,125.07488714931362,41.60747545010208,261.3933083595314,279.078436018626,9028.848822623871,124.40537705122544,0.9554357956804508,60.88900506770836,350.5590803008504,18.47801293243877,91.1505359304567,178.3277031861748
4.81257873737006,39.69014640321107,367.64793209595894,12.920258143542664,15.601769432373885,278.4122240574427,96.9467276177892,155.31920909785094,22.642203658647766,221.1064896429232,2140.404852167226,42.58907202739919,46.06937323038971,1602.609004813981,574.8379980919885,875.3687767450432,0.34669983031209006,0.9963763144570394,0.6222650841163007,0.3519319163996472,-0.4211729853641099,0.6731112598716874,0.6403534632170825,0.5118684799195509,0.059924070276541015,0.2290229721102614,0.17044022712270085,-0.009933308649748687,0.024229879670809328,0.170225143788594,0.1862488817400474,0.1663242470233298
10.999871182497252,49.349377437902184,426.99844035157673,23.549860835960043,30.59723165229519,318.32278619320067,114.16851299003415,181.27922605287424,22.363509361685413,230.35859307579105,2263.6770141658662,50.149089448733335,52.386945802227295,1650.4184204443136,585.6048195578433,930.430469668761,-0.37605745861161916,-0.15941222487073278,0.19283278183667532,-0.6593112713364073,-0.7776964991520277,0.5586537966882024,0.33408985148665105,0.2934414020003902,0.3287306420885078,0.13463618844523878,0.15332499797895768,-0.25137722838607446,-0.2677116924240442,0.16750551804018962,0.19869619510489553,0.16946287622603878
11.592235626377454,57.336200853223275,490.1070729136514,11.151022075848475,11.312693493507297,356.1178570709746,132.72695748364868,201.12156962637405,22.958633603928856,246.43559565445537,2442.3904353778557,50.971121308494,50.37371909751532,1810.8880459333077,625.7411437768961,1041.3087239950025,-0.01612443759647818,-0.28721772114711347,-0.37666393572056334,-0.5212594841081524,-0.5840817183957707,-0.33444536566743777,-0.3419245462443659,-0.3231969789202762,0.35743440768086077,0.05487030920114592,0.07261804741533583,0.27775412488580753,0.1471049479779051,0.05757044560336976,0.033867153656405066,0.11986543535264314
9.456399663505163,54.45519975692925,407.37531328513643,8.84156998614097,10.186257496747292,308.5873795879442,118.40182962684311,179.87987864109468,25.01399522992251,236.68375229749316,2316.7571539512273,42.59487602708019,46.09540888984658,1770.112223588168,621.471599002829,950.8286828293957,0.012874339150785076,0.21013161037200154,0.12914340887815165,0.7603596400477388,0.7151285013748947,0.2508874953690166,0.17408230289370077,0.030605104605867968,-0.16302239967533808,0.14382313113108441,0.14598337031688466,-0.0015704896258497893,-0.019522647578896154,0.16543030087761676,0.18044423895284895,0.19142916063658771
8.841260064029122,66.84441698991648,508.56005651723564,16.20168640991313,15.064677685127439,375.52290334415676,152.3138991376521,218.29924544916554,24.719240320430252,257.1725581715913,2477.7311830600283,43.06195420008205,47.83300151063567,1841.850875386819,647.1789761457954,1031.568100948913,0.33527058659628706,0.7086756803885272,0.30333219456663457,0.05811650749495251,-0.1621363558028239,0.21075061015565777,0.4434967831566303,0.17434704141319918,0.49892417938830175,0.1878552683567563,0.1322471996530789,-0.07486403802474716,-0.06729107174807081,0.19436967866479463,0.217834904173558,0.13153874408867083
9.860207397555266,56.56457109645968,470.2412308878756,14.635161392220354,13.609258003383127,369.7986713794342,136.58359132373718,185.56995739495025,23.023596636356523,223.54307691437535,2360.6923002547455,51.021460800331546,53.548845139122,1758.4607038262961,603.3531646462704,967.0306950092235,-0.09194380954149178,-0.06381490667372981,-0.2546510122431429,0.20324376439931238,-0.1721244184770057,-0.2598910741672374,-0.19165656000623443,-0.15651504277609404,-0.10192661819025005,0.14622291722673897,0.08355309273404145,-0.22001102727988353,-0.2976153850406466,0.12401429329828452,0.16319993682398773,0.04050866901078765
9.665040201759991,49.48084707639108,441.69424628718446,10.048084248065406,9.110939168647361,320.77270100244596,111.92955728188124,196.92130491800285,26.319770856294582,254.45176368568798,2518.295731167268,48.200032928760734,47.226777135170444,1842.3689472109434,644.6926074990419,1069.8119585082372,0.8793456125690514,-0.12992239616127166,0.0930919957617913,0.7085234723324731,0.4657061563049413,0.08896631722918841,0.03223425762490412,0.1908757468500965,-0.2933290705456225,-0.041007241769632254,-0.061574645907742746,0.017272974079592274,-0.18061007889619285,-0.0696389197660334,-0.06067450223139481,-0.05049620696547129
7.879868051882968,68.71000790335317,477.3152833493584,9.50971202161282,9.164531939367226,348.65927891874514,137.27640672465628,195.77921143627614,21.682732102812672,257.33689323127425,2463.1232706257315,43.95728452647631,43.620128834479935,1842.4737782745967,655.5554335525516,1065.3787783445132,-0.13440262026330385,0.8230005035558259,0.45552872350727375,0.10797754968281285,0.5381272419684384,0.3290238806886234,0.48535864663413986,0.3212096293335654,-0.13792241996122204,-0.035724450269464636,-0.09558979682763442,-0.12193067315506151,-0.10286806270692335,-0.09544956389401002,-0.082756809811689,-0.11943802999322037
5.9362440906854435,58.08461646737969,501.57228971135584,15.267254990355529,13.701390328293257,362.3609709405072,132.8977806180845,225.0961294723899,28.825089889362697,285.5313259055018,2777.1370675685325,55.86652915344326,57.291960784478896,2012.2749378031945,695.8772452324187,1189.97014675107,-0.06178530768299054,-0.28553688737549554,-0.26962700045730825,0.01292540545064885,0.014035833290253133,-0.21246793202166303,-0.19763483536181925,-0.273990062036291,-0.06332046749354395,-0.30081486914516,-0.34199152091438345,-0.25912658951728235,-0.3300752307237227,-0.33264827390514995,-0.3294287614214644,-0.35160425532436607
10.956223866952751,71.75316318105666,567.3724919004865,24.13777635510068,26.454162836282176,419.4571183458965,155.15223379212074,258.8975592298398,28.38619169899138,213.63069055677548,2131.7352559147616,48.698664519059655,50.45813836653655,1552.0991327237389,531.0865790676439,895.0969659599608,0.329886662642171,-0.438109689209487,-0.08733864096772677,-0.6358345700433576,-0.47451328385586516,-0.1278514291430445,-0.31933336529927725,-0.000724532783942568,-0.01846868135672732,0.06657989244749314,0.00870515417205771,-0.3852765012483349,-0.40871972492931546,0.00010125061871824468,-0.014565426648554945,-0.0020545003238542133
11.112855601392658,60.007655761017936,531.087336376708,16.906171575047207,16.03821765869467,399.93410584594835,138.1679133948786,216.57040507154585,22.34562039623216,217.8238680274506,2153.6538367388143,41.51779349031083,44.684181149075876,1559.3177008998268,539.8511328737651,954.0835854829631,-0.28938876601965563,-0.22624960751273368,0.0067062505965349685,-0.3518410734842542,-0.3254122254451043,0.010920074417716821,-0.15640812838517287,-0.005775662471461527,0.11655149825737819,-0.08804165261176641,-0.028989973258258833,-0.18681608860924986,0.03591860445633827,-0.048907237683825024,-0.06655270736069314,-0.09634456165231693
7.6311457525143105,49.59844471263291,440.45896309440116,18.050800462902156,22.446798004797387,315.90335476296354,112.60021918207806,186.86002167140896,22.73522278153134,205.38626627458288,1988.8245667066637,40.734915617350445,42.00437992379172,1426.6097128946067,489.95682678849215,855.8987024222863,0.21001844481451817,-0.05106865627758949,-0.09866029193431178,0.3352960956672422,0.9709059182429213,-0.1396171928399184,-0.16312639924133784,-0.10548563911323769,-0.1908037135802199,-0.178791328879494,-0.13493156612533788,-0.3653052015196093,-0.3426716174162477,-0.1300126684198001,-0.14441655048452318,-0.11474346009455305
29288.633970236326,3732.1662954329886,697.8380216996584,385.51873122018657,3953.228768918969,4247.104323312882,7896.076682918139,23130.070127854495,100325.28583220422,13361.918743907592,3217.8378590149377,1341.66641011924,13408.239206642545,15644.66285509535,27948.05660657967,81102.47602945336,3570.6557757448472,129.51382439430097,1.072631632266464,19.803540164511162,264.4357035439762,22.3988870009723,123.2020410596903,223.77878952247357,5164.462076352073,90.09192416597054,0.7128732733637704,59.163327173618185,548.1866230073146,13.27361284306171,77.36307407023095,133.8165397121529
11.120676741155654,49.3483063688908,459.8681172322125,11.63300801758463,11.334865117885712,342.69466733962565,118.14679910174215,212.85581545920016,17.07673135156759,220.30430549246688,2099.467082389644,36.90467988566492,39.7660609087924,1525.8867453524892,525.4218118775967,951.74140107927,-0.1480319836536207,0.23997658685206466,0.27386970971106717,-0.024208904196326403,0.13608560644297235,0.18096375935057193,0.16654817711206027,-0.005072757017953476,0.15362557496357337,-0.09076445541729934,-0.12642612345136536,0.03573967203421857,-0.13133249442599382,-0.1247368819713423,-0.12660735162398062,-0.13959580515140138
8.017973027230763,53.62847482229468,468.2389351363841,14.856423948690031,16.546044988616813,348.30138079245637,124.48131931930682,210.36118566722755,21.90765187307474,260.4875430731489,2387.7309883937523,44.58797169819921,42.30145703840484,1764.574802926959,618.9679758767433,1086.2481825370169,-0.4089938270624938,-0.5646279795890988,-0.3614372383846141,-0.46617068293477476,-0.1743609160693766,-0.34944821434778717,-0.4974972345705588,-0.30208595031151847,-0.32241816807567736,-0.25079962325111865,-0.22212944387697467,-0.21439414132462276,-0.20105693662598575,-0.20689596237632044,-0.23844086747338628,-0.2379790400941955
17.53720655412369,69.42061184878197,474.17498615562477,27.649999099149905,26.91848358857004,349.01407816787196,135.66439755228674,215.8795849566292,23.783817229261857,225.37331229013952,2284.782501220336,45.939519594215994,50.51263748516987,1618.0314091254968,548.4787810780672,1007.4408417748352,0.5936832388098778,-0.019143831490126984,-0.2474846042908687,3.172969178286167,2.6118069952062712,-0.26725452356811097,-0.186779206312344,-0.2040216928232742,-0.019182016018061254,0.2634785499786434,0.21531340953932884,0.06321194769816933,0.0152157568721203,0.21644653866788344,0.20803996623636356,0.2525179375942857
30265.49095104557,3864.2576414979085,815.0665404430949,349.7346406595499,4864.213790265779,4413.221835307532,8450.00525906889,24389.80542035013,105070.66485386266,13427.686931746319,3146.2174089415416,1140.5467715225964,17091.8214980352,15072.546429473723,29135.325946328172,84577.13361287507,1490.746052919737,45.993679324318755,0.4143854449482069,36.27594762214351,356.35664088558343,12.65137484600409,65.64795225161454,102.08377795903755,7465.355241225916,109.21012187590661,0.940649374074687,32.50288790132891,569.9865460656372,14.540807282736587,89.04878544251153,153.671298162143
10.401263840288657,52.80308470834305,432.0432844912949,12.754905376402627,13.125358455044012,310.7577350227425,118.4550041375785,182.66357778115548,20.44207871537702,221.69619370189812,2233.5305138552276,43.72763204512356,47.67756460923627,1610.895755210485,532.0183694151482,1008.489457551435,0.3957837007677821,0.5837688101547378,0.10711252477690908,-0.2775259666937428,0.039888097934465405,0.128393185508555,0.31925376400163913,0.30962835846331926,-0.2000809612798549,-0.2953969809044874,-0.21563877834068781,-0.0066308131077647695,0.01636421707470023,-0.1963238025167667,-0.2225484102446517,-0.23621150317749257
47638.714155103335,5479.611890867368,1017.2617528300296,644.934727636673,9014.466967953225,6368.803865160675,12971.870350948886,38975.49793372831,171776.16385848948,19293.370918605437,3727.58458810417,2101.6199370821323,33212.793699016525,21664.634043577236,45548.2125333993,136650.0314869223,-0.5425027076062883,0.7657946009068891,0.8234308020754564,0.02589653413992102,-0.24257849479117866,0.9056774295494248,0.7538276673229682,0.6965197167227684,0.05611677110756402,0.28600659549796087,0.31479033450139615,-0.24809823435253986,-0.13848113817971608,0.31445884276161323,0.31612190176399907,0.27236002135794607
28071.124827713713,3106.284958398017,572.6388315874824,408.0995248471794,4983.974730117882,3376.6319095406875,7332.100377653469,21929.374354338623,97029.62447897316,11514.150185283817,3262.502251286437,1440.7493014888444,16728.61866651753,14075.843751548811,27069.01878631083,80625.80537733965,5936.687918582785,93.12290560065982,0.41403121390105424,56.04294686426601,731.9349609184809,16.61302585702761,104.76979545007568,182.40844761266743,6456.893473473563,72.36340635369035,0.7363356709082605,74.85539800232023,788.2189804648019,12.09228382928924,74.03019766660114,122.26408801278897
